0,1,2,3,4,5,6,7,8,9,10,11,12,13,14
The Avenue Suites,Casa Del Amor - VI,Kitex Place ,Ibis Lagos Airport,Adun Suites,Hotel Ibis Lagos Ikeja,"The Cocoon Luxury Suites, Ogudu","The Moorhouse Hotel, Ikoyi",Beni Apartments,Beni Hotels,,,,,
"Victoria Island, Lagos - 1390 Tiamiyu Savage Street, Off Ahmadu Bello Way","Victoria Island, Lagos - House B3, 30 Land Bridge Avenue Off Palace Road, Victoria Island","Lekki Phase 1, Lagos - No. 45 Jay Jay Oladimeji Off Freedom Way, Lekki Phase 1","Ajao Estate, Lagos - 35/37 Murtala Mohamed Intl Airport Road","Gbagada , Lagos - 9, Igbeyinadun Street Off Oguntona Crescent, Charlyboy ,Pedro, Gbagada Phase 1","Ikeja, Lagos - 23 Toyin Street, Ikeja, Lagos","Ogudu, Lagos - 2B, Adebayo Ogunrombi Close Off Ogudu Road, Ogudu","Ikoyi, Lagos - 1 Bankole Oki Street","Victoria Island, Lagos - Plot 37 Ahmed Onibudo Street Off Adeola Hopewell","Lagos Island, Lagos - 11/13 Wimo Onatere Street, Off Broad Street",,,,,
"₦64,800
avg/night
","₦20,000
avg/night
","₦106,000","₦80,500
avg/night
","₦33,200","₦30,000
avg/night
","₦25,000
avg/night
","₦43,000
avg/night
","₦25,000
avg/night
","₦70,000","₦56,000
avg/night
","₦25,000","₦17,000
avg/night
","₦15,000","₦12,000
avg/night
"
9.8 Excellent,8.2 Excellent,10.0 Excellent,8.4 Excellent,10.0 Excellent,,,,,,,,,,
From 4 reviews,From 152 reviews,From 2 reviews,From 225 reviews,From 1 review,From 2 reviews,From 145 reviews,From 61 reviews,,,,,,,
